Index,File_Name,Year,Month,Day,Day_In_Year,Hour,Minute,AMOS_Cam,X,Y,Width,Height
0,TP_2014_Aug_04_225613_ARBO.txt,2014,Aug,4,216,22,56,ARBO,0.19463,0.22703,0.03873,0.04435
1,TP_2014_Aug_04_234916_ARBO.txt,2014,Aug,4,216,23,49,ARBO,0.8996,0.53925,0.08702,0.1427
2,TP_2014_Aug_04_235131_ARBO.txt,2014,Aug,4,216,23,51,ARBO,0.90294,0.49236,0.05525,0.08428
3,TP_2014_Aug_04_235513_ARBO.txt,2014,Aug,4,216,23,55,ARBO,0.90081,0.56477,0.07405,0.10048
5,TP_2014_Aug_05_000233_ARBO.txt,2014,Aug,5,217,0,2,ARBO,0.91317,0.50452,0.06109,0.07683
6,TP_2014_Aug_05_001019_ARBO.txt,2014,Aug,5,217,0,10,ARBO,0.90752,0.55136,0.083052,0.21623
7,TP_2014_Aug_05_001512_ARBO.txt,2014,Aug,5,217,0,15,ARBO,0.89764,0.49953,0.04832,0.10452
8,TP_2014_Aug_05_013140_ARBO.txt,2014,Aug,5,217,1,31,ARBO,0.23495,0.14227,0.0264,0.03168
10,TP_2015_Jul_17_222928_ARBO.txt,2015,Jul,17,198,22,29,ARBO,0.17032,0.40646,0.04146,0.08145
11,TP_2015_Jul_17_223106_ARBO.txt,2015,Jul,17,198,22,31,ARBO,0.198,0.31353,0.03545,0.07947
12,TP_2015_Jul_17_223851_ARBO.txt,2015,Jul,17,198,22,38,ARBO,0.1966,0.31598,0.03278,0.03669
13,TP_2015_Jul_17_224037_ARBO.txt,2015,Jul,17,198,22,40,ARBO,0.18298,0.34417,0.03658,0.03531
14,TP_2015_Jul_17_225317_ARBO.txt,2015,Jul,17,198,22,53,ARBO,0.19566,0.327,0.04803,0.05455
16,TP_2015_Jul_17_230031_ARBO.txt,2015,Jul,17,198,23,0,ARBO,0.20769,0.33354,0.0438,0.03619
19,TP_2015_Jul_17_230433_ARBO.txt,2015,Jul,17,198,23,4,ARBO,0.22551,0.28753,0.04348,0.03958
22,TP_2015_Jul_17_230644_ARBO.txt,2015,Jul,17,198,23,6,ARBO,0.22341,0.31305,0.09374,0.18576
23,TP_2015_Jul_17_231406_ARBO.txt,2015,Jul,17,198,23,14,ARBO,0.21796,0.30353,0.07567,0.15766
24,TP_2015_Jul_17_231955_ARBO.txt,2015,Jul,17,198,23,19,ARBO,0.24014,0.29298,0.10931,0.24064
25,TP_2015_Jul_17_232322_ARBO.txt,2015,Jul,17,198,23,23,ARBO,0.22477,0.27449,0.07219,0.11375
26,TP_2015_Jul_17_232905_ARBO.txt,2015,Jul,17,198,23,29,ARBO,0.27191,0.21208,0.05632,0.11499
27,TP_2015_Jul_18_001921_ARBO.txt,2015,Jul,18,199,0,19,ARBO,0.26883,0.19917,0.0484,0.05867
28,TP_2016_Apr_16_190205_AGO.txt,2016,Apr,16,107,19,2,AGO,0.837891,0.844271,0.0289063,0.0427083
29,TP_2016_Apr_16_190205_KNM.txt,2016,Apr,16,107,19,2,KNM,0.744578,0.9375,0.0397813,0.0493333
30,TP_2016_Aug_05_214816_VAZEC.txt,2016,Aug,5,218,21,48,VAZEC,0.172656,0.285937,0.0578125,0.084375
31,TP_2016_Aug_05_215628_VAZEC.txt,2016,Aug,5,218,21,56,VAZEC,0.188281,0.628646,0.053125,0.0864583
32,TP_2016_Aug_10_203234_ARBO.txt,2016,Aug,10,223,20,32,ARBO,0.837891,0.107813,0.0289063,0.0364583
34,TP_2016_Aug_15_193530_AGO.txt,2016,Aug,15,228,19,35,AGO,0.366922,0.0270417,0.0497812,0.0400833
35,TP_2016_Aug_28_232533_ARBO.txt,2016,Aug,28,241,23,25,ARBO,0.159375,0.352083,0.025,0.0791667
36,TP_2016_Aug_29_012815_AGO.txt,2016,Aug,29,242,1,28,AGO,0.228906,0.217708,0.025,0.0416667
38,TP_2016_Aug_29_012815_ARBO.txt,2016,Aug,29,242,1,28,ARBO,0.198437,0.336458,0.0296875,0.0333333
40,TP_2016_Jul_11_214917_ARBO.txt,2016,Jul,11,193,21,49,ARBO,0.181641,0.507575,0.0301562,0.0275833
42,TP_2016_Jul_11_215246_ARBO.txt,2016,Jul,11,193,21,52,ARBO,0.226562,0.726562,0.0359375,0.071875
43,TP_2016_Jul_11_215813_ARBO.txt,2016,Jul,11,193,21,58,ARBO,0.19375,0.564688,0.0328125,0.065875
44,TP_2016_Jul_22_203557_ARBO.txt,2016,Jul,22,204,20,35,ARBO,0.203516,0.348125,0.0398437,0.0508333
45,TP_2016_Jul_24_221450_AGO-TEST.txt,2016,Jul,24,206,22,14,AGO-TEST,0.7630738,0.79698,0.0645437,0.070455
46,TP_2016_Jul_24_221450_AGO.txt,2016,Jul,24,206,22,14,AGO,0.205859,0.255208,0.0476562,0.08125
47,TP_2016_Jul_30_194957_AGO.txt,2016,Jul,30,212,19,49,AGO,0.182031,0.246354,0.034375,0.0427083
48,TP_2016_Jul_30_202605_AGO.txt,2016,Jul,30,212,20,26,AGO,0.199609,0.19375,0.0367187,0.0375
50,TP_2016_Jul_30_202606_ARBO.txt,2016,Jul,30,212,20,26,ARBO,0.215625,0.223438,0.0265625,0.028125
52,TP_2016_Jul_30_204804_AGO.txt,2016,Jul,30,212,20,48,AGO,0.166797,0.279167,0.0367187,0.0395833
54,TP_2016_Jul_30_204804_ARBO.txt,2016,Jul,30,212,20,48,ARBO,0.197266,0.277083,0.0335938,0.075
55,TP_2016_Jul_30_205321_AGO.txt,2016,Jul,30,212,20,53,AGO,0.142969,0.270833,0.0359375,0.04375
56,TP_2016_Jun_25_203724_ARBO.txt,2016,Jun,25,177,20,37,ARBO,0.42384,0.02236,0.063,0.02612
57,TP_2016_Jun_25_204153_ARBO.txt,2016,Jun,25,177,20,41,ARBO,0.43451,0.02855,0.05669,0.04304
58,TP_2016_Jun_25_205021_AGO.txt,2016,Jun,25,177,20,50,AGO,0.464609,0.02957,0.089531,0.0574167
59,TP_2016_Jun_25_205021_ARBO.txt,2016,Jun,25,177,20,50,ARBO,0.436328,0.0286458,0.103906,0.0572917
60,TP_2016_Jun_25_205325_AGO.txt,2016,Jun,25,177,20,53,AGO,0.120312,0.656771,0.040625,0.0864583
61,TP_2016_Jun_25_205325_ARBO.txt,2016,Jun,25,177,20,53,ARBO,0.164062,0.598958,0.03125,0.075
62,TP_2016_Jun_25_205550_AGO.txt,2016,Jun,25,177,20,55,AGO,0.488281,0.02987,0.129688,0.052625
63,TP_2016_Jun_25_205550_ARBO.txt,2016,Jun,25,177,20,55,ARBO,0.4426,0.01961,0.10397,0.03877
64,TP_2016_Jun_25_210016_ARBO.txt,2016,Jun,25,177,21,0,ARBO,0.424328,0.0286458,0.060906,0.0572917
65,TP_2016_Jun_25_210918_ARBO.txt,2016,Jun,25,177,21,9,ARBO,0.134375,0.560417,0.021875,0.0375
66,TP_2016_Jun_25_211256_AGO.txt,2016,Jun,25,177,21,12,AGO,0.491406,0.0312083,0.135937,0.0604167
67,TP_2016_Jun_25_211256_ARBO.txt,2016,Jun,25,177,21,12,ARBO,0.434766,0.0375,0.133594,0.075
68,TP_2016_Jun_25_212031_AGO.txt,2016,Jun,25,177,21,20,AGO,0.4930785,0.0385625,0.0945313,0.070125
69,TP_2016_Jun_25_212037_ARBO.txt,2016,Jun,25,177,21,20,ARBO,0.426562,0.0442708,0.101562,0.084375
70,TP_2016_Jun_25_212829_AGO.txt,2016,Jun,25,177,21,28,AGO,0.505469,0.0447917,0.09375,0.0791667
71,TP_2016_Jun_25_212829_ARBO.txt,2016,Jun,25,177,21,28,ARBO,0.43691,0.05075,0.0836,0.08096
72,TP_2016_Jun_25_213328_AGO.txt,2016,Jun,25,177,21,33,AGO,0.530859,0.0520833,0.0445312,0.0440833
73,TP_2016_Jun_25_214619_AGO.txt,2016,Jun,25,177,21,46,AGO,0.544922,0.0703125,0.0882813,0.0885417
74,TP_2016_Jun_25_215513_AGO.txt,2016,Jun,25,177,21,55,AGO,0.484375,0.06875,0.084375,0.0751667
75,TP_2016_Jun_25_220052_AGO.txt,2016,Jun,25,177,22,0,AGO,0.478125,0.0942708,0.0578125,0.0964583
78,TP_2016_Jun_25_220052_ARBO.txt,2016,Jun,25,177,22,0,ARBO,0.416797,0.12125,0.133594,0.13625
80,TP_2016_Jun_25_221750_ARBO.txt,2016,Jun,25,177,22,17,ARBO,0.38125,0.195583,0.0375,0.0985
81,TP_2016_Jun_25_234630_ARBO.txt,2016,Jun,25,177,23,46,ARBO,0.291797,0.429688,0.0507812,0.0989583
82,TP_2016_Jun_25_235433_ARBO.txt,2016,Jun,25,177,23,54,ARBO,0.261234,0.424479,0.085781,0.209375
83,TP_2016_Jun_25_235839_ARBO.txt,2016,Jun,25,177,23,58,ARBO,0.262891,0.478125,0.100594,0.133333
84,TP_2016_Jun_26_000206_ARBO.txt,2016,Jun,26,178,0,2,ARBO,0.233984,0.486458,0.0742188,0.147917
85,TP_2016_Jun_26_000414_ARBO.txt,2016,Jun,26,178,0,4,ARBO,0.248828,0.566146,0.0773437,0.117708
86,TP_2016_Jun_26_000933_ARBO.txt,2016,Jun,26,178,0,9,ARBO,0.269531,0.424479,0.08,0.130208
87,TP_2016_Jun_26_210310_ARBO.txt,2016,Jun,26,178,21,3,ARBO,0.880859,0.23125,0.0695312,0.0916667
88,TP_2016_Jun_26_210955_ARBO.txt,2016,Jun,26,178,21,9,ARBO,0.18651,0.31339,0.02584,0.0257
89,TP_2016_Jun_26_211658_ARBO.txt,2016,Jun,26,178,21,16,ARBO,0.875625,0.210417,0.0605,0.0779167
90,TP_2016_Jun_26_211950_AGO.txt,2016,Jun,26,178,21,19,AGO,0.14375,0.361979,0.0484375,0.096875
91,TP_2016_Jun_26_211950_ARBO.txt,2016,Jun,26,178,21,19,ARBO,0.177344,0.363021,0.0375,0.0885417
93,TP_2016_Jun_26_212329_ARBO.txt,2016,Jun,26,178,21,23,ARBO,0.863281,0.195312,0.0359375,0.0489583
94,TP_2016_Jun_26_235735_AGO.txt,2016,Jun,26,178,23,57,AGO,0.726562,0.126042,0.059375,0.0729167
96,TP_2016_Jun_27_000430_AGO.txt,2016,Jun,27,179,0,4,AGO,0.741406,0.154687,0.0546875,0.0572917
97,TP_2016_Jun_27_000430_ARBO.txt,2016,Jun,27,179,0,4,ARBO,0.696484,0.0822917,0.0976562,0.11875
98,TP_2016_Jun_30_205839_ARBO.txt,2016,Jun,30,182,20,58,ARBO,0.305,0.7578,0.0382813,0.053125
100,TP_2016_May_23_201701_ARBO.txt,2016,May,23,144,20,17,ARBO,0.246094,0.282813,0.03125,0.0637917
101,TP_2016_May_23_203222_ARBO.txt,2016,May,23,144,20,32,ARBO,0.26362,0.26289,0.06182,0.09498
102,TP_2016_May_23_203752_ARBO.txt,2016,May,23,144,20,37,ARBO,0.27081,0.25881,0.07204,0.07945
103,TP_2016_May_23_204552_AGO.txt,2016,May,23,144,20,45,AGO,0.313047,0.24975,0.1027812,0.1404167
106,TP_2016_May_23_204552_ARBO.txt,2016,May,23,144,20,45,ARBO,0.260938,0.296354,0.065625,0.132292
107,TP_2016_May_23_205007_AGO.txt,2016,May,23,144,20,50,AGO,0.309375,0.28125,0.0453125,0.0520833
108,TP_2016_May_23_205007_ARBO.txt,2016,May,23,144,20,50,ARBO,0.251609,0.316667,0.0587812,0.0853333
109,TP_2016_May_23_205624_ARBO.txt,2016,May,23,144,20,56,ARBO,0.252344,0.338458,0.06,0.0891667
110,TP_2016_May_23_231742_VAZEC.txt,2016,May,23,144,23,17,VAZEC,0.335156,0.028125,0.0453125,0.0520833
111,TP_2016_May_27_201205_ARBO.txt,2016,May,27,148,20,12,ARBO,0.31005,0.164046,0.0234375,0.0322917
112,TP_2016_May_27_201925_ARBO.txt,2016,May,27,148,20,19,ARBO,0.289062,0.183333,0.03125,0.0604167
113,TP_2016_May_28_195940_ARBO.txt,2016,May,28,149,19,59,ARBO,0.451953,0.951563,0.0351562,0.0552083
114,TP_2016_May_28_210815_ARBO.txt,2016,May,28,149,21,8,ARBO,0.374219,0.890104,0.03125,0.0385417
116,TP_2016_May_28_211341_ARBO.txt,2016,May,28,149,21,13,ARBO,0.392969,0.907292,0.0796875,0.0854167
118,TP_2016_May_28_212517_ARBO.txt,2016,May,28,149,21,25,ARBO,0.386328,0.883854,0.0507812,0.0552083
119,TP_2016_Oct_27_211750_KNM.txt,2016,Oct,27,301,21,17,KNM,0.0741094,0.755208,0.0245312,0.0479167
120,TP_2017_Aug_01_233932_ARBO.txt,2017,Aug,1,213,23,39,ARBO,0.297656,0.908854,0.034375,0.0447917
121,TP_2017_Aug_01_234130_ARBO.txt,2017,Aug,1,213,23,41,ARBO,0.321875,0.935938,0.0453125,0.0635417
122,TP_2017_Aug_01_235110_ARBO.txt,2017,Aug,1,213,23,51,ARBO,0.326562,0.932813,0.05,0.059375
123,TP_2017_Aug_01_235110_VAZEC.txt,2017,Aug,1,213,23,51,VAZEC,0.163672,0.810938,0.0523437,0.0677083
124,TP_2017_Aug_01_235551_ARBO.txt,2017,Aug,1,213,23,55,ARBO,0.329688,0.940104,0.05,0.0572917
125,TP_2017_Aug_01_235551_VAZEC.txt,2017,Aug,1,213,23,55,VAZEC,0.166797,0.819271,0.0570313,0.0614583
126,TP_2017_Aug_01_235933_VAZEC.txt,2017,Aug,1,213,23,59,VAZEC,0.205078,0.879167,0.0351562,0.05
128,TP_2017_Aug_05_202038_ARBO.txt,2017,Aug,5,217,20,20,ARBO,0.181641,0.313542,0.0367187,0.04375
129,TP_2017_Aug_05_204300_ARBO.txt,2017,Aug,5,217,20,43,ARBO,0.178906,0.366667,0.0515625,0.0833333
130,TP_2017_Aug_10_002403_ARBO.txt,2017,Aug,10,222,0,24,ARBO,0.195703,0.364062,0.0523437,0.0864583
131,TP_2017_Aug_10_191407_VAZEC.txt,2017,Aug,10,222,19,14,VAZEC,0.287891,0.855729,0.0585938,0.0677083
132,TP_2017_Aug_10_193135_VAZEC.txt,2017,Aug,10,222,19,31,VAZEC,0.316797,0.909375,0.0414063,0.0479167
133,TP_2017_Aug_10_193508_KNM.txt,2017,Aug,10,222,19,35,KNM,0.335938,0.888542,0.107813,0.104167
134,TP_2017_Aug_10_193508_VAZEC.txt,2017,Aug,10,222,19,35,VAZEC,0.297656,0.876042,0.0625,0.0708333
135,TP_2017_Aug_10_194012_KNM.txt,2017,Aug,10,222,19,40,KNM,0.341016,0.904167,0.103906,0.0979167
136,TP_2017_Aug_10_194012_VAZEC.txt,2017,Aug,10,222,19,40,VAZEC,0.310156,0.891667,0.053125,0.0520833
137,TP_2017_Aug_18_210051_AGO.txt,2017,Aug,18,230,21,0,AGO,0.101172,0.629167,0.0367187,0.0854167
138,TP_2017_Aug_18_210051_ARBO.txt,2017,Aug,18,230,21,0,ARBO,0.149219,0.571875,0.03125,0.0729167
139,TP_2017_Aug_18_210409_AGO.txt,2017,Aug,18,230,21,4,AGO,0.100734,0.627604,0.0363437,0.0822917
140,TP_2017_Aug_18_210409_ARBO.txt,2017,Aug,18,230,21,4,ARBO,0.150391,0.566146,0.0320312,0.0614583
141,TP_2017_Aug_18_213350_AGO.txt,2017,Aug,18,230,21,33,AGO,0.093719,0.622979,0.0461875,0.1127083
142,TP_2017_Aug_18_213350_ARBO.txt,2017,Aug,18,230,21,33,ARBO,0.133719,0.552979,0.0461875,0.1127083
143,TP_2017_Aug_27_003001_ARBO.txt,2017,Aug,27,239,0,30,ARBO,0.600391,0.969271,0.0773437,0.0614583
144,TP_2017_Aug_27_003001_VAZEC.txt,2017,Aug,27,239,0,30,VAZEC,0.321094,0.878646,0.0984375,0.117708
145,TP_2017_Aug_27_014504_ARBO.txt,2017,Aug,27,239,1,45,ARBO,0.63945,0.9749,0.07608,0.0519
146,TP_2017_Aug_27_014504_VAZEC.txt,2017,Aug,27,239,1,45,VAZEC,0.373047,0.913542,0.0898438,0.0833333
147,TP_2017_Aug_27_015544_VAZEC.txt,2017,Aug,27,239,1,55,VAZEC,0.3625,0.907292,0.0265625,0.05625
148,TP_2017_Aug_27_192119_AGO.txt,2017,Aug,27,239,19,21,AGO,0.59375,0.0411458,0.0390625,0.0572917
149,TP_2017_Aug_27_211311_AGO.txt,2017,Aug,27,239,21,13,AGO,0.485938,0.027125,0.059375,0.0480833
150,TP_2017_Aug_27_211311_ARBO.txt,2017,Aug,27,239,21,13,ARBO,0.414844,0.040625,0.05,0.0541667
151,TP_2017_Aug_27_230019_VAZEC.txt,2017,Aug,27,239,23,0,VAZEC,0.914844,0.397396,0.0390625,0.059375
152,TP_2017_Jul_05_231212_AGO-Spec.txt,2017,Jul,5,186,23,12,AGO-Spec,0.41875,0.80525,0.07625,0.115833
155,TP_2017_Jul_05_231212_AGO.txt,2017,Jul,5,186,23,12,AGO,0.407031,0.930562,0.0784375,0.0685417
157,TP_2017_Jul_05_231212_ARBO.txt,2017,Jul,5,186,23,12,ARBO,0.327344,0.85,0.0375,0.0416667
158,TP_2017_Jul_05_232126_AGO-Spec.txt,2017,Jul,5,186,23,21,AGO-Spec,0.447734,0.817771,0.130469,0.119792
159,TP_2017_Jul_05_232126_AGO.txt,2017,Jul,5,186,23,21,AGO,0.427734,0.931771,0.130469,0.119792
160,TP_2017_Jul_05_232126_ARBO.txt,2017,Jul,5,186,23,21,ARBO,0.327734,0.848958,0.0273438,0.0458333
162,TP_2017_Jul_05_232810_AGO-Spec.txt,2017,Jul,5,186,23,28,AGO-Spec,0.471875,0.80075,0.10125,0.099167
165,TP_2017_Jul_05_232810_ARBO.txt,2017,Jul,5,186,23,28,ARBO,0.359078,0.862792,0.0800312,0.06
166,TP_2017_Jul_05_233028_AGO-Spec.txt,2017,Jul,5,186,23,30,AGO-Spec,0.443125,0.789583,0.065,0.0808333
167,TP_2017_Jul_05_233807_ARBO.txt,2017,Jul,5,186,23,38,ARBO,0.346484,0.846354,0.0367187,0.0427083
168,TP_2017_Jul_05_234349_AGO-Spec.txt,2017,Jul,5,186,23,43,AGO-Spec,0.488125,0.759583,0.1,0.0808333
169,TP_2017_Jul_05_234349_ARBO.txt,2017,Jul,5,186,23,43,ARBO,0.35625,0.830729,0.0375,0.034375
170,TP_2017_Jul_10_202419_AGO.txt,2017,Jul,10,191,20,24,AGO,0.746875,0.199479,0.046875,0.0549583
171,TP_2017_Jul_12_215556_AGO.txt,2017,Jul,12,193,21,55,AGO,0.839063,0.496875,0.096875,0.177083
172,TP_2017_Jul_20_203525_ARBO.txt,2017,Jul,20,201,20,35,ARBO,0.194141,0.344792,0.0242187,0.0541667
173,TP_2017_Jul_20_204449_ARBO.txt,2017,Jul,20,201,20,44,ARBO,0.198828,0.329688,0.0507812,0.109375
174,TP_2017_Jul_20_205628_AGO.txt,2017,Jul,20,201,20,56,AGO,0.179703,0.331562,0.0367187,0.0452083
175,TP_2017_Jul_20_205628_ARBO.txt,2017,Jul,20,201,20,56,ARBO,0.195703,0.351562,0.0367187,0.0552083
176,TP_2017_Jul_20_210417_ARBO.txt,2017,Jul,20,201,21,4,ARBO,0.192188,0.332812,0.0453125,0.0822917
177,TP_2017_Jul_20_211430_AGO.txt,2017,Jul,20,201,21,14,AGO,0.173469,0.489583,0.075,0.154167
178,TP_2017_Jul_20_211430_ARBO.txt,2017,Jul,20,201,21,14,ARBO,0.191406,0.476562,0.0546875,0.132292
179,TP_2017_Jul_21_200016_VAZEC.txt,2017,Jul,21,202,20,0,VAZEC,0.858203,0.296875,0.0429688,0.0791667
180,TP_2017_Jul_21_200438_VAZEC.txt,2017,Jul,21,202,20,4,VAZEC,0.881641,0.314063,0.0570313,0.053125
181,TP_2017_Jul_21_202613_VAZEC.txt,2017,Jul,21,202,20,26,VAZEC,0.920313,0.529167,0.03125,0.06875
182,TP_2017_Jul_21_203652_VAZEC.txt,2017,Jul,21,202,20,36,VAZEC,0.917313,0.549167,0.03125,0.06875
183,TP_2017_Jul_21_204433_AGO.txt,2017,Jul,21,202,20,44,AGO,0.107031,0.546354,0.040625,0.103125
184,TP_2017_Jul_21_204433_KNM.txt,2017,Jul,21,202,20,44,KNM,0.138672,0.204688,0.0570313,0.0697917
185,TP_2017_Jul_21_213147_KNM.txt,2017,Jul,21,202,21,31,KNM,0.898828,0.634896,0.0289063,0.065625
186,TP_2017_Jul_22_203255_AGO-Spec.txt,2017,Jul,22,203,20,32,AGO-Spec,0.810172,0.815104,0.0401562,0.0535417
187,TP_2017_Jul_22_203255_AGO.txt,2017,Jul,22,203,20,32,AGO,0.724172,0.900104,0.0301562,0.0435417
188,TP_2017_Jul_22_203255_ARBO.txt,2017,Jul,22,203,20,32,ARBO,0.651172,0.940104,0.0601562,0.0635417
189,TP_2017_Jul_22_203646_AGO-Spec.txt,2017,Jul,22,203,20,36,AGO-Spec,0.79125,0.8375,0.0375,0.0483333
190,TP_2017_Jul_22_203646_AGO.txt,2017,Jul,22,203,20,36,AGO,0.729078,0.892792,0.0800312,0.09
191,TP_2017_Jul_23_004322_KNM.txt,2017,Jul,23,204,0,43,KNM,0.434766,0.0609375,0.102344,0.101042
192,TP_2017_Jul_23_004723_KNM.txt,2017,Jul,23,204,0,47,KNM,0.441016,0.0536458,0.108594,0.105208
193,TP_2017_Jul_23_200408_AGO.txt,2017,Jul,23,204,20,4,AGO,0.289656,0.100458,0.0275,0.0320833
194,TP_2017_Jul_23_200408_ARBO.txt,2017,Jul,23,204,20,4,ARBO,0.272656,0.136458,0.0375,0.0520833
195,TP_2017_Jul_23_212517_ARBO.txt,2017,Jul,23,204,21,25,ARBO,0.971094,0.455208,0.0328125,0.0875
196,TP_2017_Jul_23_212517_KNM.txt,2017,Jul,23,204,21,25,KNM,0.894531,0.449479,0.028125,0.0864583
197,TP_2017_Jul_23_212517_VAZEC.txt,2017,Jul,23,204,21,25,VAZEC,0.870703,0.283333,0.0476562,0.0895833
198,TP_2017_Jun_02_210915_AGO.txt,2017,Jun,2,153,21,9,AGO,0.370703,0.0385417,0.0679687,0.0770833
199,TP_2017_Jun_02_212345_AGO.txt,2017,Jun,2,153,21,23,AGO,0.360938,0.0416667,0.0546875,0.0729167
200,TP_2017_Jun_02_212345_ARBO.txt,2017,Jun,2,153,21,23,ARBO,0.326938,0.0576667,0.0286875,0.0509167
201,TP_2017_Jun_20_210457_AGO.txt,2017,Jun,20,171,21,4,AGO,0.167679,0.207521,0.0335938,0.059375
202,TP_2017_Jun_20_210457_ARBO.txt,2017,Jun,20,171,21,4,ARBO,0.202187,0.220417,0.053125,0.0708333
203,TP_2017_Jun_25_000112_VAZEC.txt,2017,Jun,25,176,0,1,VAZEC,0.164844,0.197396,0.03125,0.0552083
204,TP_2017_Jun_25_003818_AGO.txt,2017,Jun,25,176,0,38,AGO,0.233594,0.199479,0.0875,0.107292
205,TP_2017_Jun_25_004257_AGO.txt,2017,Jun,25,176,0,42,AGO,0.243359,0.189583,0.0601562,0.0854167
206,TP_2017_May_30_205813_AGO-Spec.txt,2017,May,30,150,20,58,AGO-Spec,0.450813,0.831583,0.145625,0.144167
209,TP_2017_May_30_205827_ARBO.txt,2017,May,30,150,20,58,ARBO,0.357031,0.874479,0.109375,0.0947917
210,TP_2017_May_30_210243_AGO-Spec.txt,2017,May,30,150,21,2,AGO-Spec,0.4425,0.83125,0.06125,0.0675
212,TP_2017_May_30_210243_AGO.txt,2017,May,30,150,21,2,AGO,0.514844,0.964583,0.0203125,0.0354167
214,TP_2017_May_30_210243_ARBO.txt,2017,May,30,150,21,2,ARBO,0.409078,0.916792,0.0300312,0.04
215,TP_2017_May_30_221816_ARBO.txt,2017,May,30,150,22,18,ARBO,0.392188,0.852604,0.1,0.111458
216,TP_2017_May_30_222354_ARBO.txt,2017,May,30,150,22,23,ARBO,0.35563,0.80468,0.1185,0.13077
217,TP_2017_May_30_222634_ARBO.txt,2017,May,30,150,22,26,ARBO,0.394141,0.8125,0.0351562,0.0541667
219,TP_2017_May_30_231042_ARBO.txt,2017,May,30,150,23,10,ARBO,0.388672,0.772396,0.0742188,0.0927083
220,TP_2017_May_30_231401_ARBO.txt,2017,May,30,150,23,14,ARBO,0.392578,0.797396,0.0710938,0.0739583
221,TP_2017_May_30_231939_ARBO.txt,2017,May,30,150,23,19,ARBO,0.501953,0.866146,0.142969,0.136458
222,TP_2018_Apr_12_225543_KNM.txt,2018,Apr,12,102,22,55,KNM,0.382422,0.0489583,0.0492188,0.0729167
224,TP_2018_Apr_12_232729_KNM.txt,2018,Apr,12,102,23,27,KNM,0.346094,0.0947917,0.0953125,0.09375
225,TP_2018_Apr_12_233407_KNM.txt,2018,Apr,12,102,23,34,KNM,0.344531,0.105729,0.15,0.144792
226,TP_2018_Apr_12_234001_KNM.txt,2018,Apr,12,102,23,40,KNM,0.324609,0.104687,0.107031,0.115625
227,TP_2018_Apr_13_005018_KNM.txt,2018,Apr,13,103,0,50,KNM,0.259766,0.190104,0.122656,0.153125
228,TP_2018_Apr_13_021419_ARBO.txt,2018,Apr,13,103,2,14,ARBO,0.352344,0.455729,0.040625,0.0614583
229,TP_2018_Apr_13_214911_ARBO.txt,2018,Apr,13,103,21,49,ARBO,0.955078,0.259896,0.0414063,0.0822917
230,TP_2018_Apr_30_230547_ARBO.txt,2018,Apr,30,120,23,5,ARBO,0.855078,0.233208,0.0742188,0.102083
231,TP_2018_Aug_08_194751_AGO.txt,2018,Aug,8,220,19,47,AGO,0.181641,0.259375,0.0414063,0.0604167
232,TP_2018_Aug_08_200119_AGO.txt,2018,Aug,8,220,20,1,AGO,0.192969,0.253125,0.101562,0.139583
233,TP_2018_Aug_14_010305_ARBO.txt,2018,Aug,14,226,1,3,ARBO,0.257031,0.108854,0.0359375,0.0552083
234,TP_2018_Aug_14_192509_VAZEC.txt,2018,Aug,14,226,19,25,VAZEC,0.828125,0.642708,0.0375,0.0520833
235,TP_2018_Jul_12_011056_ARBO.txt,2018,Jul,12,193,1,10,ARBO,0.199609,0.185937,0.0320312,0.0510417
236,TP_2018_Jul_21_213110_VAZEC.txt,2018,Jul,21,202,21,31,VAZEC,0.366797,0.195312,0.0601562,0.0822917
238,TP_2018_Jul_31_203728_ARBO.txt,2018,Jul,31,212,20,37,ARBO,0.84545,0.285729,0.0515625,0.0760417
239,TP_2018_Jun_11_214219_AGO.txt,2018,Jun,11,162,21,42,AGO,0.184375,0.654167,0.0828125,0.125
240,TP_2018_Jun_11_214219_ARBO.txt,2018,Jun,11,162,21,42,ARBO,0.195703,0.598958,0.0507812,0.09375
241,TP_2018_Jun_11_215747_ARBO.txt,2018,Jun,11,162,21,57,ARBO,0.194141,0.634375,0.0257812,0.03125
242,TP_2018_Jun_11_220206_ARBO.txt,2018,Jun,11,162,22,2,ARBO,0.201562,0.626562,0.0296875,0.0489583
243,TP_2018_Jun_12_204108_KNM.txt,2018,Jun,12,163,20,41,KNM,0.376172,0.0515625,0.182031,0.103125
244,TP_2018_Jun_12_211342_KNM.txt,2018,Jun,12,163,21,13,KNM,0.434766,0.0442708,0.0898438,0.0885417
245,TP_2018_May_02_195745_KNM.txt,2018,May,2,122,19,57,KNM,0.166406,0.288021,0.0765625,0.144792
246,TP_2018_May_09_200125_AGO.txt,2018,May,9,129,20,1,AGO,0.646875,0.954167,0.0875,0.0916667
247,TP_2018_May_09_200125_ARBO.txt,2018,May,9,129,20,1,ARBO,0.568359,0.96875,0.0632813,0.0625
248,TP_2018_May_09_200715_AGO-Spec.txt,2018,May,9,129,20,7,AGO-Spec,0.702812,0.87875,0.081875,0.0958333
249,TP_2018_May_09_200715_AGO.txt,2018,May,9,129,20,7,AGO,0.642578,0.959375,0.0835937,0.08125
250,TP_2018_Sep_01_203010_VAZEC.txt,2018,Sep,1,244,20,30,VAZEC,0.225,0.350521,0.0609375,0.0614583
251,TP_2018_Sep_02_194049_AGO.txt,2018,Sep,2,245,19,40,AGO,0.364844,0.08125,0.06875,0.0770833
252,TP_2019_Apr_26_213628_ARBO.txt,2019,Apr,26,116,21,36,ARBO,0.601172,0.0510417,0.0835937,0.0791667
253,TP_2019_Apr_26_214017_ARBO.txt,2019,Apr,26,116,21,40,ARBO,0.632031,0.0312083,0.10625,0.0604167
254,TP_2019_Apr_26_214936_ARBO.txt,2019,Apr,26,116,21,49,ARBO,0.627344,0.0328125,0.101562,0.065625
255,TP_2019_Aug_06_233002_ARBO.txt,2019,Aug,6,218,23,30,ARBO,0.241406,0.116667,0.0359375,0.0541667
256,TP_2019_Aug_06_233347_ARBO.txt,2019,Aug,6,218,23,33,ARBO,0.244141,0.117188,0.0351562,0.0489583
257,TP_2019_Aug_06_233923_ARBO.txt,2019,Aug,6,218,23,39,ARBO,0.245312,0.119271,0.0390625,0.0572917
258,TP_2019_Aug_06_234242_ARBO.txt,2019,Aug,6,218,23,42,ARBO,0.247656,0.111458,0.04375,0.0583333
259,TP_2019_Aug_07_204842_VAZEC.txt,2019,Aug,7,219,20,48,VAZEC,0.215234,0.2125,0.0414063,0.05625
260,TP_2019_Aug_11_224205_AGO.txt,2019,Aug,11,223,22,42,AGO,0.186719,0.870833,0.0484375,0.0625
261,TP_2019_Aug_11_225219_AGO.txt,2019,Aug,11,223,22,52,AGO,0.185156,0.875521,0.05625,0.0760417
263,TP_2019_Aug_11_230047_AGO.txt,2019,Aug,11,223,23,0,AGO,0.247656,0.935417,0.0453125,0.0458333
264,TP_2019_Aug_11_230617_AGO.txt,2019,Aug,11,223,23,6,AGO,0.198047,0.879687,0.0382813,0.0489583
265,TP_2019_Aug_12_001232_AGO.txt,2019,Aug,12,224,0,12,AGO,0.318359,0.975521,0.0648438,0.0489583
266,TP_2019_Aug_12_001232_ARBO.txt,2019,Aug,12,224,0,12,ARBO,0.303125,0.897917,0.05625,0.05625
267,TP_2019_Aug_12_002852_ARBO.txt,2019,Aug,12,224,0,28,ARBO,0.340234,0.920833,0.0601562,0.06875
268,TP_2019_Aug_29_191017_ARBO.txt,2019,Aug,29,241,19,10,ARBO,0.314844,0.865625,0.025,0.0375
269,TP_2019_Aug_29_193340_ARBO.txt,2019,Aug,29,241,19,33,ARBO,0.328516,0.879167,0.0851562,0.0833333
270,TP_2019_Aug_29_193340_KNM.txt,2019,Aug,29,241,19,33,KNM,0.0941406,0.536458,0.0570313,0.1125
271,TP_2019_Aug_30_020858_ARBO.txt,2019,Aug,30,242,2,8,ARBO,0.212109,0.267708,0.0320312,0.0666667
272,TP_2019_Aug_30_234059_VAZEC.txt,2019,Aug,30,242,23,40,VAZEC,0.234766,0.343229,0.0320312,0.0614583
273,TP_2019_Dec_14_224329_ARBO.txt,2019,Dec,14,348,22,43,ARBO,0.844922,0.310417,0.0226563,0.0623333
274,TP_2019_Jul_07_005438_VAZEC.txt,2019,Jul,7,188,0,54,VAZEC,0.421094,0.110417,0.109062,0.103333
275,TP_2019_Jul_26_214917_AGO.txt,2019,Jul,26,207,21,49,AGO,0.798047,0.341667,0.0648438,0.114583
277,TP_2019_Jul_26_214923_KNM.txt,2019,Jul,26,207,21,49,KNM,0.622594,0.100913,0.077813,0.098958
278,TP_2019_Jul_26_214923_VAZEC.txt,2019,Jul,26,207,21,49,VAZEC,0.408594,0.107813,0.157813,0.148958
279,TP_2019_Jul_31_210239_VAZEC.txt,2019,Jul,31,212,21,2,VAZEC,0.198437,0.173958,0.0671875,0.0895833
280,TP_2019_Jun_06_213039_AGO.txt,2019,Jun,6,157,21,30,AGO,0.1875,0.823438,0.025,0.034375
281,TP_2019_Jun_11_205206_AGO.txt,2019,Jun,11,162,20,52,AGO,0.342969,0.0598958,0.053125,0.0614583
282,TP_2019_Jun_11_212025_ARBO.txt,2019,Jun,11,162,21,20,ARBO,0.341797,0.0734375,0.0710938,0.0697917
283,TP_2019_Jun_13_204519_AGO-Spec.txt,2019,Jun,13,164,20,45,AGO-Spec,0.7525,0.81,0.03875,0.055
285,TP_2019_Jun_15_205146_AGO-Spec.txt,2019,Jun,15,166,20,51,AGO-Spec,0.522187,0.93625,0.049375,0.0558333
286,TP_2019_Jun_20_201712_Senec.txt,2019,Jun,20,171,20,17,Senec,0.159766,0.497812,0.0773437,0.251042
289,TP_2019_Jun_20_201714_ARBO.txt,2019,Jun,20,171,20,17,ARBO,0.189453,0.399479,0.0617188,0.184375
290,TP_2019_Jun_20_213848_AGO.txt,2019,Jun,20,171,21,38,AGO,0.236719,0.228125,0.0578125,0.0625
291,TP_2019_Jun_20_213848_ARBO.txt,2019,Jun,20,171,21,38,ARBO,0.232031,0.267708,0.0375,0.0645833
292,TP_2019_Jun_20_215144_AGO.txt,2019,Jun,20,171,21,51,AGO,0.205469,0.30625,0.04375,0.0583333
293,TP_2019_Jun_20_215852_ARBO.txt,2019,Jun,20,171,21,58,ARBO,0.241406,0.252604,0.040625,0.059375
294,TP_2019_Jun_20_233100_AGO.txt,2019,Jun,20,171,23,31,AGO,0.271094,0.279167,0.154687,0.189583
295,TP_2019_Jun_20_233100_Senec.txt,2019,Jun,20,171,23,31,Senec,0.250781,0.375125,0.090625,0.11875
296,TP_2019_Jun_20_233850_AGO.txt,2019,Jun,20,171,23,38,AGO,0.266016,0.296875,0.101094,0.125417
298,TP_2019_Jun_20_233850_ARBO.txt,2019,Jun,20,171,23,38,ARBO,0.238281,0.329688,0.0515625,0.0635417
300,TP_2019_Jun_20_234128_AGO.txt,2019,Jun,20,171,23,41,AGO,0.312109,0.21875,0.0882813,0.127083
301,TP_2019_Jun_20_234128_Senec.txt,2019,Jun,20,171,23,41,Senec,0.287891,0.2875,0.0507812,0.102083
302,TP_2019_Jun_20_234258_AGO.txt,2019,Jun,20,171,23,42,AGO,0.260016,0.296875,0.087031,0.118333
304,TP_2019_Jun_20_234258_Senec.txt,2019,Jun,20,171,23,42,Senec,0.241016,0.389062,0.0851562,0.109375
306,TP_2019_Jun_23_221240_ARBO.txt,2019,Jun,23,174,22,12,ARBO,0.869141,0.0911458,0.0414063,0.0510417
307,TP_2019_Mar_06_004313_ARBO.txt,2019,Mar,6,65,0,43,ARBO,0.830469,0.129688,0.0375,0.0510417
308,TP_2019_Nov_29_025103_ARBO.txt,2019,Nov,29,333,2,51,ARBO,0.845953,0.0574792,0.0620312,0.0689583
309,TP_2020_Apr_11_011941_AGO.txt,2020,Apr,11,102,1,19,AGO,0.20988,0.40404,0.01119,0.01427
310,TP_2020_Aug_09_194651_ARBO.txt,2020,Aug,9,222,19,46,ARBO,0.96655,0.4031,0.01963,0.02958
311,TP_2020_Aug_10_195019_VAZEC.txt,2020,Aug,10,223,19,50,VAZEC,0.70486,0.98086,0.01827,0.01879
312,TP_2020_Aug_26_200203_VAZEC.txt,2020,Aug,26,239,20,2,VAZEC,0.27675,0.08216,0.05047,0.05667
313,TP_2020_Aug_26_200220_VAZEC.txt,2020,Aug,26,239,20,2,VAZEC,0.27675,0.08216,0.05047,0.05667
314,TP_2020_Dec_06_232829_ARBO.txt,2020,Dec,6,341,23,28,ARBO,0.88438,0.67378,0.07392,0.13024
315,TP_2020_Dec_12_224306_KNM.txt,2020,Dec,12,347,22,43,KNM,0.77671,0.40509,0.06503,0.16776
316,TP_2020_Jul_10_201616_ARBO.txt,2020,Jul,10,192,20,16,ARBO,0.20343,0.64623,0.02585,0.02954
318,TP_2020_Jul_10_204302_ARBO.txt,2020,Jul,10,192,20,43,ARBO,0.1752,0.60686,0.04269,0.07115
319,TP_2020_Jul_10_205733_ARBO.txt,2020,Jul,10,192,20,57,ARBO,0.24375,0.732813,0.053125,0.0677083
320,TP_2020_Jul_10_205911_ARBO.txt,2020,Jul,10,192,20,59,ARBO,0.2217,0.62288,0.06008,0.1013
321,TP_2020_Jul_10_205912_KNM.txt,2020,Jul,10,192,20,59,KNM,0.13395,0.21845,0.05133,0.08711
322,TP_2020_Jul_10_210308_ARBO.txt,2020,Jul,10,192,21,3,ARBO,0.22577,0.64025,0.09309,0.12412
323,TP_2020_Jul_10_210918_ARBO.txt,2020,Jul,10,192,21,9,ARBO,0.22066,0.63316,0.05864,0.13372
324,TP_2020_Jul_10_211114_ARBO.txt,2020,Jul,10,192,21,11,ARBO,0.23737,0.69122,0.07873,0.07903
325,TP_2020_Jul_10_211114_KNM.txt,2020,Jul,10,192,21,11,KNM,0.11783,0.2653,0.02642,0.04008
326,TP_2020_Jul_10_211511_ARBO.txt,2020,Jul,10,192,21,15,ARBO,0.22679,0.67148,0.07471,0.16246
327,TP_2020_Jul_10_211903_ARBO.txt,2020,Jul,10,192,21,19,ARBO,0.22521,0.65315,0.04016,0.05157
328,TP_2020_Jul_10_212922_ARBO.txt,2020,Jul,10,192,21,29,ARBO,0.27895,0.75273,0.0302,0.02823
332,TP_2020_Jul_10_212922_KNM.txt,2020,Jul,10,192,21,29,KNM,0.12895,0.31273,0.04502,0.05823
333,TP_2020_Jul_10_213222_ARBO.txt,2020,Jul,10,192,21,32,ARBO,0.30429,0.77824,0.03252,0.03941
336,TP_2020_Jul_10_213222_KNM.txt,2020,Jul,10,192,21,32,KNM,0.12715,0.33704,0.0396,0.05984
337,TP_2020_Jul_10_213549_ARBO.txt,2020,Jul,10,192,21,35,ARBO,0.28521,0.74976,0.04363,0.06339
339,TP_2020_Jul_10_213549_KNM.txt,2020,Jul,10,192,21,35,KNM,0.11947,0.29103,0.04982,0.10484
340,TP_2020_Jul_10_224351_ARBO.txt,2020,Jul,10,192,22,43,ARBO,0.36526,0.89525,0.04024,0.04107
342,TP_2020_Jul_11_202836_AGO.txt,2020,Jul,11,193,20,28,AGO,0.68052,0.92012,0.02425,0.03664
343,TP_2020_Jul_22_004051_ARBO.txt,2020,Jul,22,204,0,40,ARBO,0.31401,0.10451,0.08698,0.08925
344,TP_2020_Jul_22_005148_ARBO.txt,2020,Jul,22,204,0,51,ARBO,0.311328,0.114583,0.0882813,0.114583
345,TP_2020_Jun_06_201304_AGO.txt,2020,Jun,6,158,20,13,AGO,0.40709,0.9734,0.08937,0.15557
346,TP_2020_Jun_06_201304_KNM.txt,2020,Jun,6,158,20,13,KNM,0.10293,0.55868,0.05656,0.10259
347,TP_2020_Jun_12_201406_AGO.txt,2020,Jun,12,164,20,14,AGO,0.869531,0.439063,0.0328125,0.053125
348,TP_2020_Jun_12_201406_KNM.txt,2020,Jun,12,164,20,14,KNM,0.76076,0.24823,0.03237,0.04925
349,TP_2020_Jun_12_223350_ARBO.txt,2020,Jun,12,164,22,33,ARBO,0.91687,0.52625,0.04164,0.08033
350,TP_2020_Jun_12_223350_KNM.txt,2020,Jun,12,164,22,33,KNM,0.81681,0.45445,0.02403,0.04731
352,TP_2020_Jun_12_224306_ARBO.txt,2020,Jun,12,164,22,43,ARBO,0.8845,0.60828,0.03461,0.11052
353,TP_2020_Jun_12_224306_KNM.txt,2020,Jun,12,164,22,43,KNM,0.7785,0.40828,0.06461,0.16052
354,TP_2020_Jun_12_224733_KNM.txt,2020,Jun,12,164,22,47,KNM,0.78842,0.40501,0.05962,0.0795
355,TP_2020_Jun_12_225533_ARBO.txt,2020,Jun,12,164,22,55,ARBO,0.89601,0.57923,0.04165,0.0985
356,TP_2020_Jun_12_230106_ARBO.txt,2020,Jun,12,164,23,1,ARBO,0.88007,0.60547,0.06932,0.20649
357,TP_2020_Jun_12_230402_ARBO.txt,2020,Jun,12,164,23,4,ARBO,0.86803,0.58136,0.06404,0.12451
358,TP_2020_Jun_12_231443_KNM.txt,2020,Jun,12,164,23,14,KNM,0.7855,0.42955,0.14706,0.28836
359,TP_2020_Jun_12_231444_ARBO.txt,2020,Jun,12,164,23,14,ARBO,0.88981,0.61547,0.09797,0.14763
360,TP_2020_Jun_12_232453_ARBO.txt,2020,Jun,12,164,23,24,ARBO,0.89855,0.64816,0.06526,0.18157
361,TP_2020_Jun_12_232824_KNM.txt,2020,Jun,12,164,23,28,KNM,0.782,0.51643,0.06679,0.13896
362,TP_2020_Jun_12_232829_ARBO.txt,2020,Jun,12,164,23,28,ARBO,0.8785,0.68028,0.06461,0.14052
363,TP_2020_Jun_12_233419_KNM.txt,2020,Jun,12,164,23,34,KNM,0.78315,0.48949,0.08859,0.10311
364,TP_2020_Jun_12_233426_ARBO.txt,2020,Jun,12,164,23,34,ARBO,0.88963,0.66607,0.08506,0.1713
365,TP_2020_Jun_12_233427_AGO.txt,2020,Jun,12,164,23,34,AGO,0.867578,0.620313,0.0304688,0.0552083
366,TP_2020_Jun_12_233745_ARBO.txt,2020,Jun,12,164,23,37,ARBO,0.90888,0.61125,0.0425,0.06926
367,TP_2020_Jun_12_233745_KNM.txt,2020,Jun,12,164,23,37,KNM,0.81703,0.43077,0.0381,0.03544
369,TP_2020_Jun_12_233915_AGO.txt,2020,Jun,12,164,23,39,AGO,0.867188,0.645312,0.028125,0.034375
370,TP_2020_Jun_12_233915_ARBO.txt,2020,Jun,12,164,23,39,ARBO,0.882422,0.710417,0.0742188,0.116667
371,TP_2020_Jun_12_233915_KNM.txt,2020,Jun,12,164,23,39,KNM,0.79518,0.54316,0.07882,0.08502
372,TP_2020_Jun_12_234648_ARBO.txt,2020,Jun,12,164,23,46,ARBO,0.8785,0.70028,0.06461,0.10052
373,TP_2020_Jun_12_234648_KNM.txt,2020,Jun,12,164,23,46,KNM,0.77847,0.54587,0.05752,0.12899
374,TP_2020_Jun_12_234938_AGO.txt,2020,Jun,12,164,23,49,AGO,0.868359,0.638021,0.0257812,0.0510417
375,TP_2020_Jun_12_234938_ARBO.txt,2020,Jun,12,164,23,49,ARBO,0.88404,0.69906,0.08716,0.11266
376,TP_2020_Jun_12_234938_KNM.txt,2020,Jun,12,164,23,49,KNM,0.7871,0.52681,0.0338,0.08894
377,TP_2020_Jun_12_235901_AGO.txt,2020,Jun,12,164,23,59,AGO,0.85425,0.67089,0.05247,0.07115
379,TP_2020_Jun_12_235901_ARBO.txt,2020,Jun,12,164,23,59,ARBO,0.8663,0.63141,0.0134,0.01276
384,TP_2020_Jun_13_000440_AGO.txt,2020,Jun,13,165,0,4,AGO,0.849219,0.666667,0.0453125,0.0645833
385,TP_2020_Jun_13_000440_ARBO.txt,2020,Jun,13,165,0,4,ARBO,0.84965,0.72245,0.06832,0.09109
386,TP_2020_Jun_13_000440_KNM.txt,2020,Jun,13,165,0,4,KNM,0.74618,0.49659,0.07873,0.09185
387,TP_2020_Jun_13_000942_AGO.txt,2020,Jun,13,165,0,9,AGO,0.84885,0.66006,0.05273,0.10208
388,TP_2020_Jun_13_000942_ARBO.txt,2020,Jun,13,165,0,9,ARBO,0.84605,0.71477,0.06002,0.11087
389,TP_2020_Jun_26_231535_AGO.txt,2020,Jun,26,178,23,15,AGO,0.73176,0.92838,0.03738,0.04932
390,TP_2020_Jun_26_232011_AGO.txt,2020,Jun,26,178,23,20,AGO,0.72863,0.93426,0.04928,0.03403
391,TP_2020_Jun_27_212147_ARBO.txt,2020,Jun,27,179,21,21,ARBO,0.41215,0.96404,0.03958,0.04644
392,TP_2020_Jun_27_212943_ARBO.txt,2020,Jun,27,179,21,29,ARBO,0.4338,0.97055,0.01359,0.02385
394,TP_2020_Jun_27_212943_KNM.txt,2020,Jun,27,179,21,29,KNM,0.1438,0.72255,0.04959,0.08385
395,TP_2020_Jun_27_233528_ARBO.txt,2020,Jun,27,179,23,35,ARBO,0.17509,0.35984,0.02942,0.02591
396,TP_2020_Jun_27_235051_AGO.txt,2020,Jun,27,179,23,50,AGO,0.14328,0.3724,0.07254,0.13565
397,TP_2020_Jun_27_235051_ARBO.txt,2020,Jun,27,179,23,50,ARBO,0.18404,0.36342,0.05599,0.12563
398,TP_2020_Jun_27_235825_ARBO.txt,2020,Jun,27,179,23,58,ARBO,0.172656,0.385521,0.0234375,0.071875
399,TP_2020_Jun_28_220833_AGO.txt,2020,Jun,28,180,22,8,AGO,0.13,0.64125,0.031125,0.052
400,TP_2020_Jun_28_222045_AGO.txt,2020,Jun,28,180,22,20,AGO,0.134766,0.630729,0.0414063,0.0552083
401,TP_2020_Jun_28_222045_ARBO.txt,2020,Jun,28,180,22,20,ARBO,0.1703,0.57493,0.04654,0.0647
402,TP_2020_Jun_28_232030_AGO.txt,2020,Jun,28,180,23,20,AGO,0.167969,0.729167,0.021875,0.0270833
403,TP_2020_Nov_07_202836_AGO.txt,2020,Nov,7,312,20,28,AGO,0.68,0.91525,0.031125,0.052
404,TP_2020_Nov_30_025103_ARBO.txt,2020,Nov,30,335,2,51,ARBO,0.842578,0.0630208,0.0476562,0.046875
405,TP_2020_Sep_05_203431_VAZEC.txt,2020,Sep,5,249,20,34,VAZEC,0.39094,0.92224,0.01273,0.02545
407,TP_2020_Sep_05_232131_ARBO.txt,2020,Sep,5,249,23,21,ARBO,0.21331,0.59003,0.10062,0.13889
408,TP_2020_Sep_06_014830_VAZEC.txt,2020,Sep,6,250,1,48,VAZEC,0.19157,0.38653,0.03024,0.06866
409,TP_2020_Sep_15_205651_ARBO.txt,2020,Sep,15,259,20,56,ARBO,0.74873,0.03545,0.0124,0.01762
410,TP_2020_Sep_24_204109_ARBO.txt,2020,Sep,24,268,20,41,ARBO,0.25696,0.05601,0.01417,0.01838
411,TP_2020_Sep_27_021123_ARBO.txt,2020,Sep,27,271,2,11,ARBO,0.295703,0.0338542,0.0414063,0.0427083
412,TP_2020_Sep_27_022926_ARBO.txt,2020,Sep,27,271,2,29,ARBO,0.292844,0.0412292,0.0459375,0.0527083
413,TP_2021_Aug_07_213012_ARBO.txt,2021,Aug,7,219,21,30,ARBO,0.296094,0.90625,0.01875,0.0291667
415,TP_2021_Jul_04_212029_ARBO.txt,2021,Jul,4,185,21,20,ARBO,0.251953,0.1125,0.0273438,0.0395833
416,TP_2021_Jul_04_213032_ARBO.txt,2021,Jul,4,185,21,30,ARBO,0.253906,0.10625,0.0328125,0.0458333
417,TP_2021_Jul_08_235815_AGO.txt,2021,Jul,8,189,23,58,AGO,0.156641,0.749479,0.0210938,0.0322917
418,TP_2021_Jul_09_001243_AGO.txt,2021,Jul,9,190,0,12,AGO,0.138281,0.698958,0.021875,0.03125
419,TP_2021_Jul_09_001657_AGO.txt,2021,Jul,9,190,0,16,AGO,0.139844,0.692708,0.0328125,0.0333333
420,TP_2021_Jul_09_002910_AGO.txt,2021,Jul,9,190,0,29,AGO,0.153125,0.741667,0.040625,0.0666667
421,TP_2021_Jul_09_010037_ARBO.txt,2021,Jul,9,190,1,0,ARBO,0.229687,0.767187,0.0234375,0.0322917
422,TP_2021_Jul_09_010039_AGO.txt,2021,Jul,9,190,1,0,AGO,0.232422,0.861458,0.0320312,0.0458333
424,TP_2021_Jul_09_010254_AGO.txt,2021,Jul,9,190,1,2,AGO,0.208594,0.828646,0.05,0.0739583
425,TP_2021_Jul_09_010928_AGO.txt,2021,Jul,9,190,1,9,AGO,0.235547,0.864583,0.0273438,0.0479167
426,TP_2021_Jul_09_202052_AGO.txt,2021,Jul,9,190,20,20,AGO,0.719531,0.0796875,0.053125,0.0572917
427,TP_2021_Jul_09_202052_ARBO.txt,2021,Jul,9,190,20,20,ARBO,0.701563,0.0291667,0.071875,0.0541667
428,TP_2021_Jul_09_202543_AGO.txt,2021,Jul,9,190,20,25,AGO,0.722656,0.0791667,0.046875,0.05
429,TP_2021_Jul_09_202543_ARBO.txt,2021,Jul,9,190,20,25,ARBO,0.704687,0.0276042,0.06875,0.053125
430,TP_2021_Jul_09_203214_ARBO.txt,2021,Jul,9,190,20,32,ARBO,0.776734,0.135729,0.0342188,0.044375
433,TP_2021_Jul_09_203717_AGO.txt,2021,Jul,9,190,20,37,AGO,0.726953,0.0885417,0.0570313,0.0604167
434,TP_2021_Jul_09_204015_ARBO.txt,2021,Jul,9,190,20,40,ARBO,0.804297,0.1875,0.0539063,0.08125
435,TP_2021_Jul_09_232328_AGO.txt,2021,Jul,9,190,23,23,AGO,0.849219,0.721354,0.021875,0.034375
436,TP_2021_Jul_09_232328_ARBO.txt,2021,Jul,9,190,23,23,ARBO,0.837219,0.787354,0.021875,0.034375
437,TP_2021_Jul_10_004327_AGO.txt,2021,Jul,10,191,0,43,AGO,0.832422,0.783854,0.0382813,0.078125
438,TP_2021_Jul_10_004443_AGO.txt,2021,Jul,10,191,0,44,AGO,0.844531,0.740625,0.0375,0.0583333
439,TP_2021_Jul_10_005538_AGO.txt,2021,Jul,10,191,0,55,AGO,0.827734,0.795313,0.0304688,0.040625
440,TP_2021_Jul_10_005633_AGO.txt,2021,Jul,10,191,0,56,AGO,0.848828,0.669792,0.0648438,0.13125
441,TP_2021_Jul_10_005633_ARBO.txt,2021,Jul,10,191,0,56,ARBO,0.853906,0.708854,0.0453125,0.0510417
442,TP_2021_Jul_10_010553_AGO.txt,2021,Jul,10,191,1,5,AGO,0.848047,0.735417,0.0289063,0.05
443,TP_2021_Jul_10_011111_AGO.txt,2021,Jul,10,191,1,11,AGO,0.853906,0.669792,0.025,0.0416667
444,TP_2021_Jul_10_012638_AGO.txt,2021,Jul,10,191,1,26,AGO,0.855469,0.754687,0.034375,0.0364583
445,TP_2021_Jul_15_004331_ARBO.txt,2021,Jul,15,196,0,43,ARBO,0.893359,0.197917,0.0664062,0.116667
446,TP_2021_Jul_15_004836_ARBO.txt,2021,Jul,15,196,0,48,ARBO,0.895312,0.190625,0.05,0.0729167
447,TP_2021_Jul_15_005353_ARBO.txt,2021,Jul,15,196,0,53,ARBO,0.898438,0.195312,0.0328125,0.053125
448,TP_2021_Jul_15_005801_ARBO.txt,2021,Jul,15,196,0,58,ARBO,0.899609,0.205208,0.0476562,0.075
449,TP_2021_Jul_15_010410_ARBO.txt,2021,Jul,15,196,1,4,ARBO,0.904688,0.219792,0.0515625,0.08125
450,TP_2021_Jul_15_234224_ARBO.txt,2021,Jul,15,196,23,42,ARBO,0.976953,0.330729,0.0289063,0.0552083
451,TP_2021_Jul_15_235009_ARBO.txt,2021,Jul,15,196,23,50,ARBO,0.976172,0.320833,0.0304688,0.0625
452,TP_2021_Jul_21_203652_AGO.txt,2021,Jul,21,202,20,36,AGO,0.916406,0.547396,0.0296875,0.0552083
453,TP_2021_Jul_30_205744_AGO.txt,2021,Jul,30,211,20,57,AGO,0.285859,0.19825,0.0404687,0.0563333
454,TP_2021_Jul_30_205744_ARBO.txt,2021,Jul,30,211,20,57,ARBO,0.250859,0.23825,0.0404687,0.0463333
456,TP_2021_Jul_30_210314_ARBO.txt,2021,Jul,30,211,21,3,ARBO,0.254297,0.220833,0.0585938,0.0520833
457,TP_2021_Jul_30_212312_ARBO.txt,2021,Jul,30,211,21,23,ARBO,0.272656,0.201042,0.053125,0.0854167
458,TP_2021_Jul_30_215739_AGO.txt,2021,Jul,30,211,21,57,AGO,0.133203,0.730208,0.0460938,0.09375
459,TP_2021_Jul_30_215739_ARBO.txt,2021,Jul,30,211,21,57,ARBO,0.168359,0.658854,0.0273438,0.0677083
460,TP_2021_Jul_30_221537_AGO.txt,2021,Jul,30,211,22,15,AGO,0.145313,0.728125,0.0375,0.075
461,TP_2021_Jul_30_225259_ARBO.txt,2021,Jul,30,211,22,52,ARBO,0.392578,0.125521,0.0710938,0.0635417
462,TP_2021_Jun_10_011526_ARBO.txt,2021,Jun,10,161,1,15,ARBO,0.746484,0.103125,0.0726563,0.0770833
463,TP_2021_Jun_22_000324_ARBO.txt,2021,Jun,22,173,0,3,ARBO,0.258203,0.75,0.0476562,0.0770833
464,TP_2021_Jun_22_004252_ARBO.txt,2021,Jun,22,173,0,42,ARBO,0.300391,0.807813,0.0648438,0.0864583
465,TP_2021_Jun_23_003425_AGO.txt,2021,Jun,23,174,0,34,AGO,0.373047,0.900146,0.128906,0.082708
466,TP_2021_Jun_23_003504_AGO.txt,2021,Jun,23,174,0,35,AGO,0.151562,0.625,0.0640625,0.10625
467,TP_2021_Jun_24_214244_AGO.txt,2021,Jun,24,175,21,42,AGO,0.185547,0.778792,0.0539063,0.0933333
468,TP_2021_Jun_27_000354_AGO.txt,2021,Jun,27,178,0,3,AGO,0.199609,0.174479,0.0751562,0.110625
469,TP_2021_Jun_27_000354_ARBO.txt,2021,Jun,27,178,0,3,ARBO,0.215625,0.209375,0.0328125,0.0520833
470,TP_2021_Jun_27_000604_AGO.txt,2021,Jun,27,178,0,6,AGO,0.194531,0.193229,0.071875,0.0802083
471,TP_2021_Jun_27_001427_AGO.txt,2021,Jun,27,178,0,14,AGO,0.200781,0.185417,0.071875,0.09375
472,TP_2021_Jun_27_002349_AGO.txt,2021,Jun,27,178,0,23,AGO,0.180359,0.200896,0.0304062,0.0482917
474,TP_2021_Jun_27_002349_ARBO.txt,2021,Jun,27,178,0,23,ARBO,0.214844,0.213542,0.0453125,0.0770833
475,TP_2021_Jun_27_002808_AGO.txt,2021,Jun,27,178,0,28,AGO,0.195312,0.196354,0.084375,0.090625
476,TP_2021_Jun_27_002808_ARBO.txt,2021,Jun,27,178,0,28,ARBO,0.216797,0.222396,0.0523437,0.0885417
477,TP_2021_Jun_29_212637_ARBO.txt,2021,Jun,29,180,21,26,ARBO,0.274219,0.791667,0.0609375,0.0854167
478,TP_2021_Nov_04_021732_ARBO.txt,2021,Nov,4,308,2,17,ARBO,0.751953,0.0244792,0.0820312,0.0489583
